names,lats,lons,caps,prices,floors,exp_dates
XT พญาไท คอนโด High Rise แบรนด์ใหม่ บนถนนศรีอยุธยา ใกล้ BTS+ARL สถานีพญาไท จาก แสนสิริ [รีวิวฉบับที่ 1660],13.757474,100.538773,1,4.99,31,
CIELA ศรีปทุม คอนโด High Rise แบรนด์ใหม่ ติดรถไฟฟ้าสถานี ศรีปทุม จาก Grand Unity [รีวิวฉบับที่ 1541],13.855937,100.584916,900,2.05,28,คาดว่าจะแล้วเสร็จ : q4 ปี 2562
Life รัชดาภิเษก คอนโดพร้อมเข้าอยู่ ใกล้ MRT ห้วยขวาง จาก AP  [รีวิวฉบับที่ 779],13.78306,100.574308,429,4.99,,
My Story ลาดพร้าว 71 คอนโด Low Rise ติดถนนนาคนิวาส 4 อาคารล้อมรอบสระและสวน [รีวิวฉบับที่ 513],13.815783,100.610357,21,1.5,,
พาชมตึกเสร็จ Blossom Condo @ สาทร-เจริญราษฎร์ กลุ่มคอนโด Low Rise และ อาคารสำนักงาน บนถนนเจริญราษฎร์  ใกล้ทางด่วน จาก Siamese Asset [รีวิวฉบับที่ 1720],13.710772,100.52035,228,2.79,,
Plum Condo ปิ่นเกล้า สเตชั่น คอนโดย่านปิ่นเกล้า ติดถนนสมเด็จพระปิ่นเกล้า ใกล้ห้างพาต้า จาก พฤกษา [รีวิวฉบับที่ 1106],13.772539,100.483309,964,1.95,22,คาดว่าจะแล้วเสร็จ : q3 ปี 2561
The Crest Sukhumvit 24 คอนโดมิเนียมหลังอุทยานเบญจสิริ จาก SC Asset [รีวิวฉบับที่ 486],13.729151,100.566123,82,6.78,8,
Whizdom Connect สุขุมวิท คอนโด High Rise ใกล้ BTS ปุณณวิถี จาก Magnolia [รีวิวฉบับที่ 797],13.685149,100.610558,673,3.08,41,คาดว่าจะแล้วเสร็จ : 01/2561
Notting Hill สุขุมวิท-แพรกษา คอนโด High Rise 35 ชั้น ห่างรถไฟฟ้าประมาณ 850 ม. จาก Origin [รีวิวฉบับที่ 1068],13.585251,100.613704,4,1.29,,คาดว่าจะแล้วเสร็จ : ปี 2561
พาชมห้องตัวอย่าง Chapter One Flow บางโพ คอนโด High Rise วิวโค้งแม่น้ำเจ้าพระยา บนถนนประชาราษฎร์สาย1 จาก พฤกษา,13.812693,100.521248,385,2.69,41,คาดว่าจะแล้วเสร็จ : q4 2564
พาชมทำเลโครงการ Tropicana Eco Green Condo @BTS Erawan คอนโด Low Rise ตรงข้ามพิพิธภัณฑ์ช้างเอราวัณ [PREVIEW],13.629232,100.586947,,,,
Metro Sky ประชาชื่น คอนโดติดสถานีรถไฟฟ้าบางซ่อน บนถนนประชาชื่น จาก Property Perfect [รีิวิวฉบับที่ 434],13.822578,100.537047,1,1.9,,
Mayfair Place สุขุมวิท 50 กลุ่มคอนโด High Rise สูง 8-17 ชั้น ในซอยสุขุมวิท 50 จาก พีทีเอฟ เรียลตี้ [รีวิวฉบับที่ 1003],13.704792,100.595413,353,3.49,,คาดว่าจะแล้วเสร็จ : พฤกษาคม ปี 2561
พาชมตึกเสร็จ Plum แจ้งวัฒนะ สเตชั่น เฟส 2 คอนโด Low Rise ใกล้ถนนแจ้งวัฒนะและรถไฟฟ้า 3 สายในอนาคต จาก พฤกษา [รีวิวฉบับที่ 1572],13.87937,100.58581,970,1.2,,
รีวิวตึกเสร็จ CHAPTER ONE ECO รัชดา-ห้วยขวาง คอนโด High Rise 8 อาคาร บนถนนประชาอุทิศ จาก พฤกษา [รีวิวฉบับที่ 1818],13.772054,100.579979,1844,2.5,,
The Unique รัชดา 19 คอนโด Low Rise 8 ชั้น ใกล้สถานีรถไฟฟ้าใต้ดินรัชดา จาก TenThai [รีวิวฉบับที่ 473],13.801944,100.57223,76,2.46,8,
H2 รามอินทรา 21 คอนโด Low Rise 8 ชั้น 2 อาคารสไตล์ Modern Loft ในซอยรามอินทรา 21 จาก เอสเตท คิว [รีวิวฉบับที่ 549],13.864388,100.616945,78,1.18,8,คาดว่าจะแล้วเสร็จ : สิงหาคม 2558
The Tree ดินแดง – ราชปรารภ คอนโด Low Rise ใกล้ทางด่วนและ BTS อนุสาวรีย์ชัยสมรภูมิ จาก Pruksa [รีวิวฉบับที่ 1641],13.762161,100.547749,226,1.49,8,คาดว่าจะแล้วเสร็จ : ธ.ค. 2562
Ciela จรัญสนิทวงศ์ 13 สเตชั่น คอนโด High Rise ใกล้รถไฟฟ้าสถานี จรัญสนิทวงศ์ 13 จาก Grand Unity [PREVIEW],13.740739,100.470265,360,,20,
Kensington คอนโดพร้อมอยู่ใกล้รถไฟฟ้าแบริ่ง ซอยแบริ่ง 12 จาก Origin [รีวิวฉบับที่ 379],13.654724,100.606034,167,1.78,,
Ideo Mobi Sukhumvit Eastpoint คอนโด High Rise ตึกคู่ บนถนนสุขุมวิท-บางนา ใกล้ BTS บางนา 250 ม. จาก Ananda [รีวิวฉบับที่ 1697],13.665092,100.603573,520,2.98,32,คาดว่าจะแล้วเสร็จ : ธ.ค. 2563
PITI เอกมัย คอนโด High Rise ติดถนนเอกมัย ห่าง BTS เอกมัย 2 กม. พร้อมส่วนกลางจัดเต็มชั้นบนสุด จาก เสนาฮันคิว [รีวิวฉบับที่ 1671],13.737371,100.588804,879,4.45,37,คาดว่าจะแล้วเสร็จ : q4 2564
The Shade สาทร 1 คอนโด Low Rise ตึกคู่ ซอยศรีบำเพ็ญ จาก Sathaporn Estate [PREVIEW],13.718337,100.550482,282,3.69,1,คาดว่าจะแล้วเสร็จ : ตุลาคม 2563
Parque พุทธบูชา 48 คอนโด Low Rise 8 ชั้นใกล้ม.เทคโนโลยีพระจอมเกล้าธนบุรี (KMUTT) จาก นอร์มมาร์ค [รีวิวฉบับที่ 631],13.745565,100.534256,363,1.89,8,คาดว่าจะแล้วเสร็จ : ประมาณ 10/58
ลุมพินี พาร์ค นวมินทร์ – ศรีบูรพา คอนโด High Rise 15 ชั้น 7 อาคาร และอาคารจอดรถแยก 1 อาคาร ติดถนนนวมินทร์ โดย LPN [รีวิวฉบับที่ 603,13.794058,100.652282,1,1,15,
พาไปชมตึกเสร็จ Plum Condo สามัคคี คอนโด Low Rise เข้าโครงการบ้านประชารัฐ ราคาล้านต้นๆ บนถนนสามัคคี จาก พฤกษา เรียลเอสเตท [รีวิวฉบับที่ 1058],13.884308,100.524255,899,,8,คาดว่าจะแล้วเสร็จ : พ.ค. 2559
Supalai Vista ห้าแยกปากเกร็ด คอนโด High Rise 30 ชั้น อยู่ติดถนนแจ้งวัฒนะใกล้ 5 แยกปากเกร็ด [รีวิวฉบับที่ 662],13.907583,100.506,17,1.63,,คาดว่าจะแล้วเสร็จ : กลางปี 2560
The Matt สุขุมวิท 101/1 คอนโด Low Rise ห่าง BTS ปุณณวิถีและอุดมสุข ประมาณ 2.5 กม. จาก อัคร บ้านและที่ดิน จำกัด [รีวิวฉบับที่ 1837],13.685009,100.62691,279,1.55,8,คาดว่าจะแล้วเสร็จ : พ.ย. 2563
Equinox คอนโด High Rise 42 ชั้นใกล้ 5 แยกลาดพร้าว by Major – รีวิวตึกเสร็จ  [รีวิวฉบับที่ 568],13.809454,100.55895,,4.5,42,
PORCH Condominium คอนโด Low Rise ในซอยแจ้งวัฒนะ 12 ใกล้ Big C แจ้งวัฒนะ จาก วันฮันเดรดแอนด์ไรซ์ซิ่ง[รีวิวฉบับที่ 1840],13.893984,100.563822,101,1.92,7,คาดว่าจะแล้วเสร็จ : กลางปี 2564
พาชมทำเล Niche MONO Mega Space Bangna คอนโด High Rise บนถนนบางนา-ตราด จาก เสนา ฮันคิว [รีวิวฉบับที่ 1681],13.660788,100.660757,795,2.2,40,
พาชมทำเล Siamese Sukhumvit คอนโด High Rise ติดถนนสุขุมวิท ใกล้ BTS อ่อนนุช จาก Siamese Asset  [รีวิวฉบับที่ 1086],13.864388,100.616945,,,,
The Key วุฒากาศ คอนโด High Rise 80 เมตรจาก BTS วุฒากาศ โดย Land & House [รีวิวฉบับที่ 404],13.714345,100.468364,441,2.5,22,
URBITIA ทองหล่อ คอนโด Low Rise 8 ชั้น ในซอย สุขุมวิท 36 ระยะ 230 เมตรจาก BTS ทองหล่อ จาก EMC [รีวิวฉบับที่ 1049],13.722562,100.576862,130,4.39,8,คาดว่าจะแล้วเสร็จ : ตุลาคม 2560
Moniiq สุขุมวิท 64 Condo Low Rise 8 ชั้น สไตล์ญี่ปุ่น จากซันเคียว โฮม [รีวิวฉบับที่ 1009],13.689093,100.602581,366,1.99,8,คาดว่าจะแล้วเสร็จ : สิงหาคม 2560
Notting Hill พหลฯ-เกษตร คอนโด Low Rise พร้อม Service แบบโรงแรมจาก Origin Property [รีวิวฉบับที่ 764],13.859999,100.587101,194,1.79,8,คาดว่าจะแล้วเสร็จ : ไตรมาส 3 ปี 2559
D 25 คอนโดสไตล์ญี่ปุ่นในซอยทองหล่อ โดย D Well Grand Asset  [รีวิวฉบับที่ 460],13.739093,100.582792,98,4.29,8,
Hallmark ลาดพร้าว-โชคชัย 4 คอนโด Low Rise บนถนนสังคมสงเคราะห์ ห่าง MRT โชคชัย 4 ประมาณ 1 กม. จาก ชีวาทัย [PREVIEW],13.796149,100.599384,434,1.69,8,
The Light New York คอนโดมิเนียม Low Rise ในซอยสุขุมวิท 64 ใกล้ BTS ปุณณวิถี จาก VT Asset [รีวิวฉบับที่ 651],13.690037,100.604458,168,1.4,8,คาดว่าจะแล้วเสร็จ : กันยายน 2558
HALLMARK ลาดพร้าว – โชคชัย 4 คอนโด Low Rise 2 อาคาร บนถนนสังคมสงเคราะห์ จาก ชีวาทัย [รีวิวฉบับที่ 1856],13.796149,100.599384,434,1.69,8,คาดว่าจะแล้วเสร็จ : q4/2020
พาชมทำเล Whizdom Connect สุขุมวิท คอนโดพร้อม Community Mall ใกล้ BTS ปุณณวิถี [รีวิวฉบับที่ 794],13.685149,100.610558,673,3.08,41,คาดว่าจะแล้วเสร็จ : 12/2560
Ideo Mobi วงศ์สว่าง อินเตอร์เชนจ์ คอนโด High Rise ใกล้ MRT บางซ่อน จาก อนันดา [PREVIEW],13.818908,100.531911,559,2.29,30,
YOU3 CONDO @ แยกเกษตร คอนโด Low Rise 8 ชั้น ซอยประเสริฐมนูกิจ 2 จาก ยูทีลิตี้ แลนด์ [รีวิวฉบับที่ 1043],13.839501,100.582186,434,1.32,8,คาดว่าจะแล้วเสร็จ : ต้นปี 2561
Kensington พหลโยธิน 63 คอนโด Low Rise ใกล้รถไฟฟ้าสถานีอนุเสาวรีย์หลักสี่ จาก Origin [รีวิวฉบับที่ 1675],13.884586,100.600757,231,,8,
ลุมพินี เพลส รัชดา-สาธุ คอนโด High Rise 35 ชั้น บนถนนสาธุประดิษฐ์ ตัวใหม่จาก LPN [PREVIEW],13.696617,100.532494,543,2.69,35,คาดว่าจะแล้วเสร็จ : กันยายน 2562
พาชมห้องตัวอย่าง เเละ Update พื้นที่ส่วนกลาง Wish Signature Midtown Siam คอนโด High Rise ใกล้ BTS ราชเทวี จาก สยามนุวัตร,13.752026,100.534687,623,,45,
ลุมพินี เพลส พระราม 3 – ริเวอร์ไรน์ คอนโด High Rise วิวแม่น้ำเจ้าพระยา ใกล้สะพานภูมิพล 1 จาก LPN [PREVIEW],13.675724,100.539825,719,1.78,35,คาดว่าจะแล้วเสร็จ : ก.ย. 62
333 Riverside คอนโดริมน้ำติด MRT บางโพ จาก Land & Houses,13.807242,100.519592,480,5,,
IDEO Q ราชเทวี คอนโดติดถนนใหญ่เพชรบุรีใกล้ BTS ราชเทวี จาก อนันดาฯ,13.752871,100.533957,323,4.9,,
รีวิวตึกเสร็จ Dcon Prime รัตนาธิเบศร์ คอนโด High Rise วิวแม่น้ำเจ้าพระยา บนถนนรัตนาธิเบศร์ ใกล้รถไฟฟ้า ไทรม้า จาก Orrada [รีวิวฉบับที่ 1843],13.87082,100.467005,638,1.59,38,
Park Court สุขุมวิท 77 คอนโด Low Rise ยูนิตน้อย บนที่ดินกว่า 7 ไร่ ใน T77 Community จากมั่นคงเคหะการ [รีวิวฉบับที่ 1806],13.714592,100.603341,70,45,7,
MODIZ สุขุมวิท 50 คอนโด High Rise ในซอยสุขุมวิท 50 ใกล้ BTS อ่อนนุช จาก AssetWise [รีวิวฉบับที่ 1674],13.703951,100.590261,646,1.99,25,คาดว่าจะแล้วเสร็จ : ธันวาคม 2563
KALM Penthouse คอนโดแนวใหม่เป็น Penthouse ทั้งโครงการให้พื้นที่เสมือนอยู่บ้าน ในซอยศูนย์วิจัย 2 ใกล้ รพ.กรุงเทพ[PREVIEW],13.75027,100.587356,16,10.89,7,คาดว่าจะแล้วเสร็จ : 3/2562
The Paint Palette งามวงศ์วาน 18 คอนโดล้านต้นในซอยทางเข้า The Mall จาก สินทรัพย์ ดิงโก้ [รีวิวฉบับที่ 393],13.855586,100.538458,196,1.39,8,
Conner ราชเทวี คอนโด High Rise ติดถนนเพชรบุรี ห่าง BTS ราชเทวี 300 เมตร จาก The Creators HQ [รีวิวฉบับที่ 1666],13.754065,100.529262,,8,,
Atmoz Ladprao 15 คอนโด Low Rise ในซอยลาดพร้าว15 จาก AssetWise  [รีวิวฉบับที่ 1585],13.806611,100.573111,570,1.69,8,คาดว่าจะแล้วเสร็จ : ปี 2563
Feel Condo ปิ่นเกล้า-จรัญฯ 59 คอนโด Low Rise 5 ชั้น 2 อาคาร ในซอยจรัญสนิทวงศ์ 59 ห่างจากรถไฟฟ้าสถานีสิรินธร 800 ม. จาก ไลฟ์ อิมเมจ คอนโดมิเนียม [รีวิวฉบับที่ 1060],13.782159,100.487346,79,1.53,5,คาดว่าจะแล้วเสร็จ : พฤษภาคม 2560
Whizdom Station รัชดา – ท่าพระ คอนโด High Rise 37 ชั้น ใกล้ The mall ท่าพระ และ BTS ตลาดพลู จาก MQDC [รีวิวฉบับที่ 1038],13.713632,100.478317,690,2.4,37,คาดว่าจะแล้วเสร็จ : 2018
พาชมตึกเสร็จ Aspire สาทร-ท่าพระ คอนโด High Rise ติดสถานี BTS ตลาดพลู จาก AP [รีวิวฉบับที่ 1382],13.715642,100.479971,1,,30,
The Tree ดินแดง – ราชปรารภ คอนโด Low Rise ใกล้ทางด่วนและอนุสาวรีย์ชัยฯ จาก พฤกษา เรียลเอสเตท [PREVIEW],13.762161,100.547749,226,,8,คาดว่าจะแล้วเสร็จ : ธ.ค. 2562
ลุมพินี พาร์ค เพชรเกษม 98 คอนโด High Rise 20-21 ชั้น 4 อาคาร ติดถนนเพชรเกษม ใกล้ Big C มีศูนย์การค้าด้านหน้าโครงการ [รีวิวฉบับที่ 644],13.708816,100.382852,2,1.1,,คาดว่าจะแล้วเสร็จ : ต้นปี 2559
พาชมตึก 185 Rajadamri Condominium คอนโด High Rise ระดับ Super Luxury จาก Raimon Land [รีวิวฉบับที่ 1050],13.735445,100.539281,265,39.43,35,
Knightsbridge สุขุมวิท-เทพารักษ์ คอนโด High Rise 35 ชั้น ติดรถไฟฟ้าสายสีเหลือง MRT สถานีทิพวัล จาก Origin  [รีวิวฉบับที่ 1808],13.637633,100.608746,474,2.09,35,คาดว่าจะแล้วเสร็จ : q4 ปี 2564
The Diplomat 39 คอนโด High Rise ใกล้ BTS พร้อมพงษ์ จาก KPN [รีวิวฉบับที่ 783],13.731453,100.570612,4,15,31,
Altitude Symphony เจริญกรุง-สาทร คอนโด High Rise บนถนนจันทน์ ใกล้ทางด่วนและรร.นานาชาติ Shrewsbury จาก Altitude Development [รีวิวฉบับที่ 1784],13.710016,100.513891,99,4.5,21,คาดว่าจะแล้วเสร็จ : ธันวาคม 2563
M Silom คอนโด High rise 53 ชั้น พร้อมอยู่ บนถนนนราธิวาส ใกล้ BTS ช่องนนทรี จาก Major Development [รีวิวฉบับที่ 859],13.727345,100.527231,161,9.8,53,
The Tree RIO Bang-aor Station คอนโด High Rise บนถนนจรัญสนิทวงศ์ ติดสถานีบางอ้อ รถไฟฟ้าสายสีน้ำเงินส่วนต่อขยาย จากพฤกษา [รีวิวฉบับที่ 758],13.799704,100.508578,1,1.69,41,
Condolette DWELL สุขุมวิท 26 คอนโด Low Rise ใกล้สถานี BTS พร้อมพงษ์ จากพฤกษา [รีวิวฉบับที่ 784],13.725723,100.570661,224,3.99,8,คาดว่าจะแล้วเสร็จ : ปลายปี 2014
ลุมพินี วิลล์ อ่อนนุช – พัฒนาการ คอนโด Low Rise 8 ชั้น 7 อาคาร ติดถนนอ่อนนุชใกล้ Seacon Square ศรีนครินทร์ จาก LPN [รีวิวฉบับที่ 512],13.717275,100.654664,1,1.18,8,
Green Ville II คอนโด Low Rise ในซอยสุขุมวิท 101 ห่าง BTS ปุณณวิถี 1.4 กม. จาก Green Ville Property [รีวิวฉบับที่ 1798],13.690064,100.61832,200,1.99,8,
พาชมตึกเสร็จ Maestro 01 สาทร-เย็นอากาศ คอนโดสไตล์ยุโรปคลาสสิค ติดถนนเย็นอากาศ จาก Major Development [รีวิวฉบับที่ 1624],13.717767,100.547872,88,5.3,8,
The Tree จรัญฯ 30 คอนโด High Rise บนถนนจรัญสนิทวงศ์ ระหว่างสถานีแยกไฟฉายกับสถานีบางขุนศรี จาก พฤกษา [PREVIEW],13.758784,100.469691,307,3.1,,คาดว่าจะแล้วเสร็จ : 2019
Kensington พหลโยธิน 63 คอนโด Low Rise ใกล้รถไฟฟ้าสถานีอนุเสาวรีย์หลักสี่(สายสีเขียว) จาก Origin [รีวิวฉบับที่ 1153],13.884586,100.600757,231,1.59,8,คาดว่าจะแล้วเสร็จ : q2 ปี 2561
The Line พหลโยธิน พาร์ค คอนโด High Rise บนถนนพหลโยธิน ใกล้ห้าแยกลาดพร้าว จาก แสนสิริ [รีวิวฉบับที่ 1717],13.818082,100.56483,880,3.59,,คาดว่าจะแล้วเสร็จ : august 2022
Noble BE19 คอนโด Super Luxury ในซอยสุขุมวิท 19 ใกล้ BTS อโศก จาก Noble Development [รีวิวฉบับที่ 1024],13.74228,100.559167,586,,,คาดว่าจะแล้วเสร็จ : ประมาณสิงหาคม 2563
KRAAM SUKHUMVIT 26 คอนโดระดับ Ultimate Class ติดถนนสุขุมวิท 26 จาก Nye Estate [รีวิวฉบับที่ 1279],13.726364,100.569666,126,17,29,คาดว่าจะแล้วเสร็จ : ก.ย. 2562
Beat Bangwa Interchange คอนโด Low Rise บนถนนเทอดไท ใกล้ BTS บางหว้า 630 เมตร จาก Northland Development [รีวิวฉบับที่ 1716],13.716521,100.455966,402,1.59,8,คาดว่าจะแล้วเสร็จ : ปี 2563
ASHER PRIVÉ สุทธิสาร คอนโด Low Rise ในซอยอำนวยวัฒน์ ใกล้ MRT สุทธิสาร จาก เอ พลัส เรียลเอสเตท [รีวิวฉบับที่ 1721],13.792149,100.581128,79,1.69,8,คาดว่าจะแล้วเสร็จ : พฤศจิกายน 2563
Park Origin พญาไท คอนโด High Rise บนถนนพญาไท ใกล้ BTS และ APL พญาไท จาก Origin [รีวิวฉบับที่ 1657],13.75947,100.535464,550,5.8,35,
Ease 2 พระราม 2 คอนโด High Rise 2 อาคาร ใกล้ Central พระราม 2 จาก Land & Houses [รีวิวฉบับที่ 1763 ],13.670126,100.436983,329,1.75,,
D’ Mura รัชโยธิน คอนโด Low Rise 8 ชั้นใกล้แยกรัชโยธิน-เกษตร จาก D Well Grand Asset [รีวิวฉบับที่ 844],13.837479,100.583116,216,1.59,8,คาดว่าจะแล้วเสร็จ : ปลายปี 2559
Ideo Mobi Sukhumvit Eastgate คอนโด High Rise ใกล้ BTS บางนา จากอนันดา [PREVIEW],13.665503,100.604028,844,2.29,30,
The Niche id บางแค คอนโด Low Rise 8 ชั้น 2 อาคาร ใกล้ตลาดบางแคในซอยเทอดไท จาก SENA [รีวิวฉบับที่ 661],13.703729,100.422215,434,1.5,8,คาดว่าจะแล้วเสร็จ : ปลายปี 59
The Key MRT เพชรเกษม 48 คอนโด High Rise ติดถนนใหญ่และสถานีเพชรเกษม48 ใกล้ซีคอนบางแค จาก Land and Houses  [รีวิวฉบับที่ 1779],13.715942,100.446157,639,2.89,30,คาดว่าจะแล้วเสร็จ : ธ.ค. 2563
พาชมทำเลโครงการ Fuse สุทธิสาร – รัชดา คอนโด High Rise หัวมุมซอยอินทามระ 22 จาก พฤกษา [PREVIEW],13.789386,100.563942,,,,
The Excel Hideaway สุขุมวิท 71 คอนโด Low Rise ใกล้ทางด่วน ย่านพระโขนง-อ่อนนุช จาก All Inspire [รีวิวฉบับที่ 1481],13.716547,100.600686,33,1.79,,คาดว่าจะแล้วเสร็จ : ม.ค. ปี 2562
The Excel Parc คอนโด Low Rise ในซอยลาซาล 19 จาก All Inspire Development [รีวิวฉบับที่ 1046],13.661668,100.611347,104,1.69,8,
The Trust Condo อมตะ-ชลบุรี  คอนโด Low-Rise 8 ชั้น 3 อาคาร ย่านอมตะนคร โดย Quality House [PREVIEW],13.414372,100.998487,518,1.29,8,
Chapter One Flow บางโพ คอนโด High Rise วิวแม่น้ำเจ้าพระยาบนถนนประชาราษฎร์ สาย 1 จาก พฤกษา [PREVIEW],13.812693,100.521248,386,2.59,41,
Aspire รัชดา-วงศ์สว่าง คอนโด High Rise ใกล้ MRT วงศ์สว่าง by AP [รีวิวฉบับที่622],13.8309154510498,100.525390625,1,1.79,27,
Bright Sukhumvit 24 คอนโดหรูตึกคู่ใจกลางสุขุมวิท ใกล้ BTS พร้อมพงษ์ โดย Albright [รีวิวฉบับที่ 532],13.723861,100.566782,292,8.5,36,
Ideo Q Sukhumvit 36 คอนโด High Rise ระดับ Super Luxury ในซอยสุขุมวิท 36 ใกล้ BTS ทองหล่อ จาก Ananda [รีวิวฉบับที่ 1516],13.72076,100.576361,364,8.6,,คาดว่าจะแล้วเสร็จ : เมษายน 2020
Chapter Chula-Samyan คอนโด High Rise บนถนนสี่พระยาใกล้ MRT สามย่าน จาก PRUKSA [Preview],13.731426,100.523263,181,,,
WYNN CONDO คอนโด Low Rise 8 ชั้น ในซอยพหลโยธิน 52 จาก AssetWise ตอนที่ 1 [รีวิวฉบับที่ 1037],13.894988,100.611796,275,1.3,8,คาดว่าจะแล้วเสร็จ : q3/2561
The Trust รัชดา-พระราม3 คอนโดสูงสร้างเสร็จพร้อมอยู่ บนถนน นนทรี ใกล้เซ็นทรัลพระราม 3 จาก Q-House [รีวิวฉบับที่ 399],13.694504,100.535824,1,1.8,,
U Delight @บางซ่อน สเตชั่น คอนโด High Rise 26 ชั้นใกล้สถานีรถไฟฟ้าบางซ่อน จาก Grand U [รีวิวฉบับที่ 626],13.81763,100.532541,529,2.59,26,คาดว่าจะแล้วเสร็จ : ธันวาคม 2558
Chapter One the Campus ลาดพร้าว 1 คอนโดใกล้ MRT พหลโยธิน โดยพฤกษา [รีวิวฉบับที่ 543],13.814228,100.565216,180,,8,
I’m fine คอนโดมิเนียมอารมณ์บ้าน ในซอยบางนา-ตราด 40 ตรงข้ามเซนทรัลบางนา [รีวิวฉบับที่ 417],13.66371,100.636273,620,1.39,8,
Groove รัชดา-พระราม 9 คอนโด Low Rise ในซอยรัชดาภิเษก 3 ใกล้ MRT พระราม 9 จาก Divine Development [รีวิวฉบับที่ 1728],13.763322,100.563228,154,2.39,8,คาดว่าจะแล้วเสร็จ : q4/2563
IDEO New Rama 9 คอนโด High Rise 24 ชั้น ติดถนนรามคำแหง จาก อนันดา [รีวิวฉบับที่ 1373],13.748659,100.606495,994,1.99,24,คาดว่าจะแล้วเสร็จ : มิถุนายน ปี 2562
The Privacy ติวานนท์ คอนโด Low Rise 7 ชั้น ในซอยติวานนท์50 จาก พฤกษา [รีวิวฉบับที่ 537],13.883246,100.513701,78,1.59,7,คาดว่าจะแล้วเสร็จ : ปลายปี 2557
Zelle รัตนาธิเบศร์ คอนโด Low Rise สร้างเสร็จพร้อมอยู่ ใกล้รถไฟฟ้าสายสีม่วง จาก ปริญสิริ [รีวิวฉบับที่ 710],13.870664,100.485911,570,1.59,8,
The Politan Rive สนามบินน้ำ Condo High Rise ริมแม่น้ำเจ้าพระยา ห่างรถไฟฟ้าประมาณ 350 ม. จาก Everland  [PREVIEW],13.873716,100.479734,51,1.29,,คาดว่าจะแล้วเสร็จ : ไตรมาสที่ 1 ปี 2562
พาชมตึกเสร็จ The Signature by Urbano คอนโด High Rise ติด BTS สะพานควาย จาก พฤกษา [รีวิวฉบับที่ 1228],13.79287,100.549185,253,4.9,31,
Aspire วุฒากาศ คอนโด Low Rise 8 ชั้น ห่างจาก BTS วุฒากาศ 210 เมตรโดย AP [รีวิวฉบับที่ 890],13.713981,100.471836,166,1.85,8,คาดว่าจะแล้วเสร็จ : ก.ย. 2559
THE NEST เพลินจิต คอนโด Low-Rise ใจกลางเมืองใกล้สถานีรถไฟฟ้า BTSเพลินจิต จาก The Nest Property [รีวิวฉบับที่ 466],13.746271,100.549423,64,4.9,8,
PE-LA วุฒากาศ คอนโดใกล้บีทีเอสวุฒากาศ โดย  ชนันธร [รีวิวฉบับที่ 459],13.713337,100.471559,190,2.3,,
Modiz Interchange คอนโดใกล้จุดตัดรถไฟฟ้าเชื่อมสายสีเขียว-ชมพู วงเวียนหลักสี่ รามอินทราจาก AssetWise [รีวิวฉบับที่ 1197],13.873945,100.597822,217,1.79,8,คาดว่าจะแล้วเสร็จ : ก.ค. 2561
The Tree บางโพ สเตชั่น คอนโดฯสร้างเสร็จพร้อมอยู่ ใกล้ MRT บางโพ จากพฤกษา [รีวิวฉบับที่ 500],13.808222,100.522088,709,,32,
Q Sukhumvit คอนโด High Rise ติด BTS นานา จาก Q.House,13.740391,100.555431,,,,
Chewathai Residence Thonglor คอนโด Low Rise บนทำเลทองหล่อ-เอกมัย ในซอยทองหล่อ 20 จาก ชีวาทัย [PREVIEW],13.738984,100.587069,130,5.59,8,คาดว่าจะแล้วเสร็จ : 2562
Supalai Veranda รัชวิภา-ประชาชื่น ใกล้รถไฟฟ้า 2 สาย โดย ศุภาลัย [รีวิวฉบับที่ 482],13.818338,100.535975,1,1.85,29,
Condolette Pixel สาทร คอนโด Low Rise ย่านสาทร-พระราม 4 จาก พฤกษา พาชมตึกเสร็จพร้อมอยู่  [รีวิวฉบับที่ 895],13.718887,100.549468,345,2.4,8,
ลุมพินี วิลล์ อ่อนนุช 46 คอนโด Low Rise 7 อาคาร ห่างปากซอย 400 เมตร โดย LPN [รีวิวฉบับที่ 519],13.707505,100.634607,1,0.888,8,
พาดูทำเล The Room พระราม 4 แยกสะพานเหลือง ใกล้สามย่าน-จุฬา โดย Land and House,13.736269,100.520996,289,5.9,,
Siamese Exclusive Ratchada คอนโด High Rise พร้อม Service Residence และ Siamese Technology จาก Siamese Asset [รีวิวฉบับที่ 1794],13.800667,100.57512,560,3.3,,คาดว่าจะแล้วเสร็จ  : กุมภาพันธ์ 2565
The Niche id พระราม 2 คอนโด Low Rise 8 ชั้น ห่างจากถนนพระราม 2 300 เมตร ใกล้จุดขึ้นลงทางด่วน โดย SENA [รีวิวฉบับที่ 585],13.676585,100.468651,616,1.318,8,"คาดว่าจะแล้วเสร็จ : อาคาร a ธ.ค. 2557, อาคาร b ม.ค. 2558"
Vio แคราย คอนโด Low Rise 8 ชั้นติดสถานีรถไฟฟ้าศูนย์ราชการนนทบุรี จาก อดามัส เรียล เอสเตท [รีวิวฉบับที่ 522],13.860966,100.511878,125,2.2,8,คาดว่าจะแล้วเสร็จ : 2558
ศุภาลัย ปาร์ค สถานีตลาดพลู คอนโด High Rise 34 ชั้น ห่างสถานี BTS ตลาดพลู 300 เมตร จาก ศุภาลัย [รีวิวฉบับที่ 1433],13.712442,100.473855,785,1.66,34,คาดว่าจะแล้วเสร็จ : ปี 2563
Knightsbridge Duplex ติวานนท์ คอนโด High Rise 25 ชั้น บนถนนติวานนท์ ใกล้สถานีกระทรวงสาธารณสุข 90 ม. จาก Origin [รีวิวฉบับที่ 1108],13.850547,100.516422,373,2.34,25,คาดว่าจะแล้วเสร็จ : q3/61
รีวิวตึกเสร็จ ห้องพักวิวจริงกับโครงการ Hyde สุขุมวิท ปากซอยสุขุมวิท 13 จาก Grande Asset Hotels and Property Company Limited   [รีวิวฉบับที่ 777 ],13.741053,100.556982,454,7.2,40,
The Zea Sriracha Condominium คอนโด High Rise โดย Wealth Developer [PREVIEW],13.193239,100.935127,585,2.17,39,คาดว่าจะแล้วเสร็จ :  ปลายปี 2560
Noble State 39 คอนโด High Rise ในซอยสุขุมวิท 39 จาก Noble Development [รีวิวฉบับย่อที่ 1722],13.734139,100.571342,,,,คาดว่าจะแล้วเสร็จ : august 2022
พาชมตึกเสร็จ IDEO Q สยาม-ราชเทวี คอนโด High Rise 36 ชั้น ใกล้ BTS ราชเทวี จาก อนันดา [รีวิวฉบับที่ 1455],13.752548,100.534961,552,5.69,36,
Noble BE 33 Sukhumvit คอนโด High Rise 31 ชั้นในซอยสุขุมวิท 33ใกล้ BTS พร้อมพงษ์ จาก Noble Development  [รีวิวฉบับที่ 849],13.735357,100.567708,227,,31,
Life Ladprao คอนโดตรงข้ามเซ็นทรัลลาดพร้าว ติดรถไฟฟ้า Facility จัดเต็มอยู่ชั้นบนสุด [PREVIEW],13.817542,100.562645,1,2.9,,
The Collect รัชดา 32 คอนโด Low Rise เพียง 64 ยูนิต ใกล้รถไฟฟ้าสายสีเหลือง จาก เดอะเน็กซ์ เรียลเอสเตท [PREVIEW],13.817809,100.582394,64,1.99,8,
FYNN อโศก คอนโด Low Rise ในซอยสุขุมวิท 10 ใกล้สวนเบญจกิติ จาก FYNN Development [รีวิวฉบับที่ 1776],13.735617,100.556795,263,4.5,8,คาดว่าจะแล้วเสร็จ : ธ.ค. 2564
Whizdom รัชดา-ท่าพระ คอนโด High Rise ใกล้ BTS ตลาดพลู ตรงข้าม The Mall ท่าพระ จาก Magnolia [รีวิวฉบับที่ 1647],13.713632,100.478317,690,,37,
The TEAK รัชดา 19 คอนโด Low Rise ใกล้ MRT รัชดาภิเษก จาก ทีค ดีเวลลอปเม้นท์[PREVIEW],13.7988648,100.5716866,78,3.99,7,คาดว่าจะแล้วเสร็จ : q3 / 2563
The Tree อ่อนนุช สเตชั่น คอนโด Low Rise ติด Community mall Phyll ห่างจาก BTS 480 ม. โดย พฤกษา [รีวิวฉบับที่ 1209],13.701622,100.600345,166,2.35,8,คาดว่าจะแล้วเสร็จ : q1/2561
U Delight @ตลาดพลู สเตชั่น คอนโดตึกคู่ตรงข้าม The Mall ท่าพระ จาก Grand U [รีวิวฉบับที่ 556],13.709858,100.479432,973,2.19,,คาดว่าจะแล้วเสร็จ : มี.ค. 2559
Canapaya Residences คอนโดหรูพระราม 3 ริมแม่น้ำเจ้าพระยา พร้อมท่าจอดเรือยอร์ช [รีวิวฉบับที่ 555],13.688427,100.514162,224,7.5,57,คาดว่าจะแล้วเสร็จ : ไตรมาศที่ 2 พ.ศ. 2560
Plum Condo Ram 60 Interchange คอนโด Low Rise ในซอยรามคำแหง 60 ใกล้รถไฟฟ้าสถานี Interchange ลำสาลี 350 m. จาก พฤกษา [รีวิวฉบับที่ 1463],13.761073,100.649363,960,1.35,8,คาดว่าจะแล้วเสร็จ : q4/2561
IDEO Q สยาม-ราชเทวี คอนโด High Rise 36 ชั้น ใกล้ BTS ราชเทวี จาก อนันดา [รีวิวฉบับที่ 819],13.752548,100.534961,552,5.5,36,
The Key สาทร – เจริญราษฎร์ คอนโด High Rise 38 ชั้น บนถนนเจริญราษฎร์ ใกล้จุดขึ้นลงทางด่วนถนนจันทร์ [รีวิวฉบับที่ 713],13.701155,100.51597,855,5,38,คาดว่าจะแล้วเสร็จ : มิถุนายน 2560
Circle S สุขุมวิท 12  คอนโด Low Rise พร้อมอยู่ ในซอยสุขุมวิท 12 ห่างจาก BTS อโศก 600 เมตร [รีวิวฉบับที่ 865],13.735264,100.557885,108,32,8,
รีวิวตึกเสร็จ The Rich Park 2 เตาปูน Interchange คอนโด High Rise ใกล้ MRT เตาปูน 120 เมตร จาก ริชี่เพลซ [รีวิวฉบับที่ 1811],13.806228,100.528944,720,2.49,26,
The Excel คูคต คอนโด Low rise 8 ช้ัน ตรงข้ามโลตัสลำลูกกาคลอง 2 จาก All Inspire [รีวิวฉบับที่ 1165 ],13.947502,100.642561,,,,คาดว่าจะแล้วเสร็จ : ต้นปี 2561
The Tree สุขุมวิท 71-เอกมัย คอนโด High Rise 33 ชั้น บนถนนสุขุมวิท 71 ใกล้แยกคลองตัน จากพฤกษา [รีวิวฉบับที่ 1298],13.74064,100.600157,883,1.69,33,คาดว่าจะแล้วเสร็จ : เมษายน 2562
พาชมคอนโดพร้อมอยู่ เดอะ เบส การ์เดน – พระราม 9 ใกล้ ARL รามคำแหง บนถนนพระราม 9 จาก แสนสิริ [รีวิวฉบับที่ 1692],13.746599,100.606064,639,3.19,36,
Knightsbridge พหลโยธิน-อินเตอร์เชนจ์ คอนโด High Rise 15 ชั้น ติดถนนพหลโยธิน ห่างสถานีวัดพระศรีมหาธาตุประมาณ 250 ม. จาก Origin [รีวิวฉบับที่ 1363],13.879012,100.598462,26,1.89,,คาดว่าจะแล้วเสร็จ : q1 ปี 2563
The Tree หัวหมาก คอนโด High Rise ติดถนนรามคำแหง เชื่อมกับ The Mall บางกะปิ และใกล้รถไฟฟ้าสถานีหัวหมาก จากพฤกษา [PREVIEW],13.762904,100.64172,85,1.99,,
The Excel Bearing คอนโด Low Rise 8 ชั้น ในซอยลาซาล 11โดย ออลล์ อินสไปร์ ดีเวลลอปเม้นท์ จำกัด [รีวิวฉบับที่ 538],13.662595,100.608244,60,1.49,8,
พาชมทำเล Tonson One Residence คอนโด High Rise ขายแบบ Freehold ในซอยต้นสน ห่าง BTS ชิดลม 300 เมตร จาก Asset Five x Capstone Asset [รีวิวฉบับที่ 1859],13.742312,100.545531,,,,
ASPIRE รัชดา – วงศ์สว่าง คอนโด High Rise ใกล้สถานีวงศ์สว่าง โดย AP[PREVIEW],13.830782,100.525051,1,1.59,27,คาดว่าจะแล้วเสร็จ :  กันยายน 2559
The Collection คอนโด High Rise ในซอยสุขุมวิท 16 ใกล้ BTS อโศก พร้อมวิวทะเลสาบและสวนเบญจกิติ จาก Siamese Asset [รีวิวฉบับที่ 1774],13.731059,100.560927,36,6.2,,คาดว่าจะแล้วเสร็จ : มิ.ย. 2565
T-One พหลโยธิน 32 คอนโด Low Rise 8 ชั้น ใกล้เมเจอร์รัชโยธิน และม.เกษตร[รีวิวฉบับที่ 668],13.833025,100.573723,,1.9,,คาดว่าจะแล้วเสร็จ : กลางปี 2559
รีวิวตึกเสร็จ Artemis สุขุมวิท 77 คอนโด High Rise 30 ชั้น บนถนนอ่อนนุช ห่าง BTS อ่อนนุช 800 เมตร จาก CTCC Engineering [รีวิวฉบับที่ 1848],13.711328,100.604363,673,2.87,30,
Magnix รามอินทรา 21 คอนโด Low Rise ในซอย รามอินทรา 19 แยก 4 ใกล้สถานีลาดปลาเค้า จาก เดอะ รอยัล เรสซิเดนซ์ จำกัด [รีวิวฉบับที่ 1839],13.865164,100.617028,79,1.59,8,คาดว่าจะแล้วเสร็จ : q2 / 2563
Walden สุขุมวิท 39 คอนโด Low Rise บนทำเลย่านพร้อมพงษ์ ในซอยสุขุมวิท 39 (ซอยพร้อมมิตร) จาก Habitat Group [รีวิวฉบับที่ 1702],13.73302,100.575125,116,7.4,8,คาดว่าจะแล้วเสร็จ : q3/2021
The Excel Groove คอนโด Low Rise ราคาต่ำกว่าล้าน ในซอยลาซาล จาก All Inspire Development [รีวิวฉบับที่ 1071],13.657941,100.634888,182,,8,
พาชมทำเล The Tree Elegance ติวานนท์ คอนโด High Rise จากพฤกษา [รีวิวฉบับที่ 838],13.844424,100.503261,,,,
รีวิวตึกเสร็จ Bangkok Horizon รัชดา-ท่าพระ คอนโด High Rise บนถนนรัชดาภิเษก จาก CMC  [รีวิวฉบับที่ 1633],13.708124,100.480374,565,2.79,30,คาดว่าจะแล้วเสร็จ : 2015
The Tree หัวหมาก คอนโด High Rise ติดถนนรามคำแหง ใกล้ The Mall บางกะปิ ใกล้รถไฟฟ้า MRT สถานีลำสาลี จากพฤกษา [รีวิวฉบับที่ 1709],13.762427,100.64184,7,1.99,,คาดว่าจะแล้วเสร็จ : ปลายปี 63
28 Chidlom คอนโดหรูใจกลางเมือง ใกล้ BTS บนที่ดินที่แพงที่สุดบนถนน ชิดลม จาก SC Asset [รีวิวฉบับที่ 1280],13.746526,100.544257,427,11,,คาดว่าจะแล้วเสร็จ : ปี 2563
The Connexion 2 รัตนาธิเบศร์ ซอย 7 คอนโด Low Rise ใกล้รถไฟฟ้าสายสีม่วง สถานีศูนย์ราชการ 150 เมตร จาก Connexion Development [รีวิวฉบับที่ 837],13.858682,100.511128,117,1.35,8,คาดว่าจะแล้วเสร็จ : กลางปี 2559
The Prop Condominium คอนโด Low Rise ตึกคู่ในซอยแจ้งวัฒนะ 12 จาก The Rise Property [PREVIEW],13.896126,100.565758,315,1.2,8,คาดว่าจะแล้วเสร็จ : ตุลาคม 2561
YOU 2 CONDO คอนโด Low Rise ในซอยพหลโยธิน 34 ใกล้แยกเกษตร จากยูทีลิตี้ แลนด์ [รีวิวฉบับที่ 441],13.83633,100.581967,451,1.19,8,
พาชมตึกเสร็จ Tempo Grand สาทร-วุฒากาศ คอนโด High Rise ใกล้ BTS วุฒากาศ จาก Built Land  [รีวิวฉบับที่ 1092],13.712604,100.467943,16,4.20,24,
พาชมตึกเสร็จ Park 24 หมู่คอนโด High Rise มาพร้อมพื้นที่สีเขียวกว่า 10 ไร่ ในซอยสุขุมวิท 24 จาก Origin [รีวิวฉบับที่ 1506],13.725635,100.566196,4,5.9,,
พาชมตึกเสร็จ Plum Condo พระราม 2 หมู่คอนโด Low Rise 8 ชั้น บนถนนพระราม 2 จาก พฤกษา [รีวิวฉบับที่ 1179],13.673635,100.458485,681,1.09,8,
The Posh Twelve คอนโด High Rise ติดถนนติวานนท์ ใกล้ MRT กระทรวงสาธารณสุข [รีวิวฉบับที่ 793],13.851128,100.516371,552,1.99,,คาดว่าจะแล้วเสร็จ : มีนาคม 2563
The Saint Residences หมู่ตึก High Rise ใกล้ห้าแยกลาดพร้าว จาก Salan Development [รีวิวฉบับที่ 789],13.811736,100.560085,21,3.8,,คาดว่าจะแล้วเสร็จ : 3
My Resort @ River จรัญ 72 คอนโดริมน้ำเจ้าพระยา ใกล้รถไฟฟ้าสายสีน้ำเงินสถานีบางพลัด [รีวิวฉบับที่ 437],13.788811,100.505644,123,12,,
Lumpini Ville สุขสวัสดิ์-พระราม2 คอนโด High Rise ติดถนนพระราม 2 ใกล้ทางด่วน จาก LPN [รีวิวฉบับที่ 1658],13.684323,100.488189,377,1.69,26,คาดว่าจะแล้วเสร็จ : ปลายปี 2562
Knightsbridge Prime อ่อนนุช คอนโดสูง 47 ชั้น เป็นคอนโดสูงสุดในอ่อนนุช ติด Big C ใกล้ BTS จาก Origin [รีวิวฉบับที่ 1418],13.710293,100.602068,600,2.69,47,คาดว่าจะแล้วเสร็จ : q4 2563
Dcon Prime รัตนาธิเบศร์ คอนโดวิวเจ้าพระยา High Rise 38 ชั้น ติดรถไฟฟ้า MRT ไทรม้า บนถนนรัตนาธิเบศร์ จาก Orrada [รีวิวฉบับที่ 1012],13.871124,100.467146,638,1.65,38,คาดว่าจะแล้วเสร็จ : มกราคม 2561
SAVVI อารีย์ 4 คอนโด Low Rise ซอยอารีย์ 4(ฝั่งเหนือ) เป็นส่วนตัวเพียง 39 ยูนิต จาก The Urban Property [รีวิวฉบับที่ 1665],13.785573,100.543504,39,5.5,8,คาดว่าจะแล้วเสร็จ : q4/2563
Atmoz แจ้งวัฒนะ กลุ่มคอนโด Low Rise บนถนนเลียบคลองประปา ใกล้สี่แยกคลองประปา จาก AssetWise [รีวิวฉบับที่ 1814],13.896856,100.55443,625,1.29,8,คาดว่าจะแล้วเสร็จ : พฤกษาคม 2563
JRY RAMA9 CONDOMINIUM คอนโด Low Rise 8 ชั้น ในซอยพระราม 9 ซอย 17 จาก JRY Development Group Company [รีวิวฉบับที่ 1177],13.761704,100.591519,157,2.69,8,คาดว่าจะแล้วเสร็จ : ธ.ค. 2560
The Diplomat Sathorn คอนโดมิเนียมติดสถานีรถไฟฟ้า BTS สุรศักดิ์ โดย KPN [รีวิวฉบับที่ 490],13.720135,100.52207,192,7.9,,
Lesto สุขุมวิท 113 กลุ่ม Condo Low Rise 8 ชั้น ห่างสถานีรถไฟฟ้าสำโรง 650 ม. จาก บิลท์ แลนด์ [PREVIEW],13.647176,100.600939,786,,8,คาดว่าจะแล้วเสร็จ : กันยายน 2560
ศุภาลัย พรีเมียร์ เจริญนคร คอนโด High Rise ใกล้โรงพยาบาลตากสินและใกล้รถไฟฟ้าสายสีทอง สถานีคลองสาน จากศุภาลัย[รีวิวฉบับที่ 1430],13.729919,100.5075,578,3.1,26,คาดว่าจะแล้วเสร็จ : ปี 2564
รีวิวโครงการสร้างเสร็จ RHYTHM สุขุมวิท 44/1 ติดสถานี BTS พระโขนง โดย AP [รีวิวเจาะลึก 527],13.715393,100.590497,486,4.8,34,
dcondo Campus Dome-Rangsit คอนโด Low Rise ใกล้ ม.ธรรมศาสตร์-รังสิต จากแสนสิริ [รีวิวฉบับที่ 1599],14.062361,100.608889,482,1.69,8,คาดว่าจะแล้วเสร็จ : พฤศจิกายน 2562
พาชมตึกเสร็จ H2 Stone คอนโด Low Rise 1 ใน 7 คอนโดภายใต้ชื่อ H2 ในซ.รามอินทรา 21 จาก Asset Wise [รีวิวฉบับที่ 963],13.864388,100.616945,73,2.04,8,
Fuse MiTi สุทธิสาร-รัชดา คอนโด High Rise 17 ชั้น ปากซอยอินทามระ 22 โดย พฤกษา [รีวิวฉบับที่ 572],13.789386,100.563942,281,2.89,17,คาดว่าจะแล้วเสร็จ : ก.พ. 2559
WISH Signature II Midtown Siam คอนโด High Rise 41 ชั้น หลัง Siam Paragon ใกล้ BTS ราชเทวี จากสยามนุวัตร [รีวิวฉบับที่ 1444],13.751292,100.535072,333,6,41,คาดว่าจะแล้วเสร็จ : เดือนมีนาคม 2563
Condolette Light คอนแวนต์  คอนโดมิเนียม Low Rise ในซอยพิพัฒน์ 2 ใกล้บีทีเอสช่องนนทรี จาก พฤกษา [รีวิวฉบับที่ 548],13.725122,100.533093,111,4.6,8,คาดว่าจะแล้วเสร็จ : ก.พ. 2557
The Tree ลาดพร้าว 15 คอนโด Low Rise ในซอยลาดพร้าว 15 ใกล้ MRT ลาดพร้าว จาก พฤกษา [รีวิวฉบับที่ 1519],13.810549,100.566244,214,1.49,8,คาดว่าจะแล้วเสร็จ : พ.ค. 62
Supalai Elite @Surawong คอนโด High Rise บนถนนนเรศ เชื่อมระหว่างถนนสี่พระยาและถนนสุรวงศ์ จาก ศุภาลัย [Preview],13.730525,100.523032,277,,31,
Silk Place พหลโยธิน-หลักสี่ คอนโด High Rise 15 ชั้น ติดถนนพหลโยธินใกล้แยกรามอินทรา จาก KASC [รีวิวฉบับที่ 1088],13.87874,100.597975,274,2.168,15,
AESTIQ Thonglor คอนโด High Rise ระดับ Ultimate Class บนถนนทองหล่อ จาก Real Asset [รีวิวฉบับที่ 1719],13.740183,100.586319,203,9.59,40,คาดว่าจะแล้วเสร็จ : ไตรมาส 4 ปี 2564
The Base สะพานใหม่ คอนโด High Rise 14 ชั้น ติดถนนพหลโยธินและสถานีสายหยุด จาก แสนสิริ [รีวิวฉบับที่ 1672 ],13.887917,100.604635,820,,14,คาดว่าจะแล้วเสร็จ :q3 2563
The Line สุขุมวิท 101 คอนโด High Rise แบบ High Ceiling ติดสุขุมวิท ใกล้ BTS ปุณณวิถี จาก แสนสิริ [รีวิวฉบับที่ 1201],13.691873,100.607919,778,,37,คาดว่าจะแล้วเสร็จ : มกราคม 2563
Tidy Deluxe สุขุมวิท 34 คอนโดมิเนียม Low Rise ใกล้บีทีเอสทองหล่อ จาก ทองหล่อสิบเจ็ด [รีวิวฉบับที่ 508],13.7253,100.574783,141,4,8,
Maestro 01 สาทร-เย็นอากาศ คอนโด Low Rise จาก Major Development [PREVIEW],13.717787,100.547891,88,4.5,8,คาดว่าจะแล้วเสร็จ : สิงหาคม 2560
Plum Condo บางใหญ่ สเตชั่น คอนโดใกล้รถไฟฟ้าสายสีม่วง สถานีคลองบางไผ่ และ Community Mall โดย พฤกษา [รีวิวฉบับที่ 474],13.889036,100.407479,1,0.849,8,
พาชมตึกเสร็จ U Delight Residence Riverfront พระราม 3 คอนโด High Rise ติดแม่น้ำเจ้าพระยา สูง 30 ชั้น บนถนนพระราม 3 จาก Grand U [รีวิวฉบับที่ 1139],13.675297,100.532802,979,2.82,30,
De LAPIS จรัญ 81 คอนโด High Rise วิวแม่น้ำเจ้าพระยา ใกล้สถานีบางพลัด จาก Grand Unity [รีวิวฉบับที่ 1568],13.792394,100.503582,635,2.49,32,คาดว่าจะแล้วเสร็จ : กรกฎาคม 2562
QUINN สุขุมวิท 101 คอนโด High Rise 31 ชั้น สไตล์โมเดิร์น ติดถนนสุขุมวิท 0 เมตร BTS ปุณณวิถี จาก MBK Real Estate [รีวิวฉบับที่ 1711],13.689988,100.608843,347,5.9,31,คาดว่าจะแล้วเสร็จ : september 2020
IDEO Q จุฬาฯ – สามย่าน ใกล้ MRTสามย่าน จุดขึ้นลงทางด่วน และหัวลำโพงจากอนันดาฯ [PREVIEW],13.733497,100.525802,1,2.89,,
CASA FRANCE ABAC บางนา คอนโด Low Rise 8 ชั้น 2 อาคารในซอย Number One จาก ทีแอลพี กรุ๊ป [รีวิวฉบับที่ 496],13.592417,100.829418,323,1.11,8,
ลุมพินี พาร์ค วิภาวดี-จตุจักร และ ลุมพินี ทาวเวอร์ วิภาวดี-จตุจักร คอนโด Mix-use แห่งแรก บนทำเลซอยวิภาวดี 3 ติดถนนวิภาวดี – รังสิต จาก LPN [PREVIEW],13.797168,100.560344,,2.49,,คาดว่าจะแล้วเสร็จ : ธันวาคม 2562
Supalai Icon สาทร คอนโดระดับ Super Luxury ติดถนนสาทร จาก ศุภาลัย [รีวิวฉบับย่อที่ 1852],13.723837,100.537861,787,8.2,56,คาดว่าจะแล้วเสร็จ : ประมาณปี 2567
Tulip Square @อ้อมน้อย คอนโด Low Rise 8 ชั้น 7 อาคารมี Community Mall หน้าโครงการ จาก JSP [รีวิวฉบับที่ 642],13.70475,100.322383,1,1.05,8,คาดว่าจะแล้วเสร็จ : ปลายปี 58
พาชมตึกเสร็จ U Delight รัชวิภา คอนโด High Rise บนถนนวิภาวดีรังสิต ตรงข้ามวัดเสมียนนารี จาก Grand Unity [รีวิวฉบับที่ 1303],13.838466,100.557843,875,2.99,23,
พาชมทำเล IDEO สุขุมวิท 93 คอนโด High Rise ติดถนนสุขุมวิทใกล้ BTS บางจากบนเนื้อที่ 8 ไร่ จากอนันดา  [รีวิวฉบับที่ 1178],13.698513,100.60463,1,2.49,38,
The Unique สุขุมวิท 62/1 คอนโด Low Rise ห้อง 3 ชั้นแบบ “Tri-plex” by Ten Thai Development [รีวิวฉบับที่ 639],13.691883,100.603193,116,2.89,8,คาดว่าจะแล้วเสร็จ : ปี 2559
Rhythm อโศก 2 คอนโดมิเนียม High Rise ใกล้ MRT พระราม 9 และ ทางด่วน [PREVIEW],13.753892,100.564824,16,2.89,,คาดว่าจะแล้วเสร็จ :  กุมภาพันธ์ ปี 2560
The Excel Hideaway รัชดา-ห้วยขวาง คอนโด Low Rise ในซอยประชาราษฏร์บำเพ็ญ 10 จาก All Inspire [รีวิวฉบับที่ 1612],13.774188,100.576931,592,2.31,8,
The Reserve 61 Hideaway คอนโดหรูสไตล์ Modern Classic ในซอยสุขุมวิท 61 จาก พฤกษา [รีวิวฉบับที่ 1704],13.729607,100.584313,164,,7,คาดว่าจะแล้วเสร็จ : มีนาคม 2564
Supalai City Resort ชลบุรี คอนโด High Rise 25 ชั้น ติดถนนสุขุมวิท ใจกลางอำเภอเมืองชลบุรี จาก ศุภาลัย [รีวิวฉบับที่ 1069],13.353703,100.983318,586,1.19,25,
Plum Condo รามคำแหง สเตชั่น คอนโด High Rise 33 ชั้น บนถนนรามคำแหง ใกล้ Airport Rail Link รามคำแหง 250 ม. จากพฤกษา[รีวิวฉบับที่ 1098],13.74436,100.602743,1,1.69,33,คาดว่าจะแล้วเสร็จ : q3 2561
MITI คอนโด Low Rise สูง 7 ชั้น บนถนนลาดพร้าว-วังหิน จาก One Real Estate [รีวิวฉบับที่ 1010],13.828402,100.591854,198,1.89,7,คาดว่าจะแล้วเสร็จ : q3 2560
The L15 Condo คอนโดมิเนียม Low Rise ในซอยลาดพร้าว 15 จาก ศิริเลิศ [รีวิวฉบับที่ 638],13.810628,100.573214,79,2.19,8,คาดว่าจะแล้วเสร็จ : พฤศจิกายน 2015
พาชมตึกเสร็จ Rich Park @ เจ้าพระยา คอนโด High Rise 33 ชั้น วิวแม่น้ำเจ้าพระยา ใกล้ MRT ไทรม้า จาก Richy Place 2002 [รีวิวฉบับที่ 1145],13.870447,100.469418,633,1.9,33,
พาชมห้องตัวอย่าง The Room สุขุมวิท 38 คอนโด High Rise ระดับ Super Luxury ในซอยสุขุมวิท 38 ห่าง BTS ทองหล่อ 700 ม. จาก Land & Houses,13.71696,100.579955,229,9.9,26,คาดว่าจะแล้วเสร็จ : q1/2564
B-LOFT คอนโด Low Rise สไตล์ Modern Loft ในซอยสุขุมวิท 109 จาก Origin Property [รีวิวฉบับที่ 762],13.650875,100.605675,171,,8,
Ideo Mobi สุขุมวิท คอนโดตึกคู่สูง 23 และ 25 ชั้นใกล้สถานีรถไฟฟ้า BTS อ่อนนุช by Ananda – รีวิวตึกเสร็จ [รีวิวฉบับที่ 618],13.704313,100.601762,446,6.07,23,
mori HAUS คอนโด Low Rise 7 ชั้น 2 อาคารในกลุ่ม T77 community ติดถนนอ่อนนุช จาก แสนสิริ [รีวิวฉบับที่ 1142],13.714769,100.602492,143,4,,คาดว่าจะแล้วเสร็จ : พ.ย. 2560
Hasu Haus คอนโด Low Rise 7 ชั้น ริมคลองพระโขนง จากแสนสิริ [รีวิวฉบับที่ 706],13.713892,100.602198,324,2.6,7,คาดว่าจะแล้วเสร็จ : มิถุนายน 2559
M Phyathai คอนโด High Rise ตึกเสร็จระดับ Luxury Class ใกล้ BTS อนุสาวรีย์ฯ จาก Major Development [รีวิวฉบับที่ 804],13.760478,100.536095,213,8.04,35,
hasu HAUS คอนโด Low Rise ใกล้ BTS อ่อนนุช จาก แสนสิริ  [Preview],13.713717,100.602095,324,2.29,7,
Villa Lasalle คอนโด Low Rise ตึกคู่ ซอยลาซาล18 จาก Origin Property [รีวิวฉบับที่ 650],13.660429,100.611238,,1.49,,
The Privacy พระราม 9 คอนโด High Rise 30 ชั้น บนถนนรามคำแหง ใกล้ Airport Rail Link รามคำแหง 250 ม. จาก พฤกษา [รีวิวฉบับที่ 1470],13.74436,100.602743,854,2.17,30,คาดว่าจะแล้วเสร็จ : พ.ย. 2562
พาชมตึกเสร็จชีวาทัย เพชรเกษม27 คอนโดHigh Rise ตรงข้ามม.สยาม ใกล้ BTS และ MRT บางหว้า จาก ชีวาทัย [รีวิวฉบับที่ 1749],13.718237,100.453677,638,2.16,26,
The Prodigy เพชรเกษม 62 คอนโด High Rise ตึกคู่ใกล้ MRT บางแค จาก GDT [รีวิวฉบับที่ 824],13.71237,100.426574,1,1.69,,คาดว่าจะแล้วเสร็จ : ม.ค. ปี 2560
LUGANO ลาดพร้าว18-รัชดา19 คอนโด Low Rise สร้างเสร็จพร้อมอยู่ ในซอยทางลัดวิภาวดี ลาดพร้าว และรัชดา จาก Lugano Development [รีวิวฉบับที่ 749],13.803112,100.569086,123,2.65,8,
พาชมตึกเสร็จ Maestro 03 รัชดา-พระราม9 คอนโด Low Rise ในซอยรัชดาภิเษก 3 ใกล้ MRT พระราม 9 จาก Major Development [รีวิวฉบับที่ 1621],13.762876,100.564688,335,3.80,8,คาดว่าจะแล้วเสร็จ : มี.ค. 2018
พาชมทำเล Fynn สุขุมวิท 31 คอนโด Low Rise ในซอยสุขุมวิท 31 (ซอย สวัสดี)จาก Yellowfynn Development [รีวิวฉบับที่ 1307],13.741594,100.56698,,,,
PARK Origin พญาไท คอนโดตึกสูงติดถนนพญาไท กับคอนเซปท์ภูเขาใจกลางกรุง ห่าง 260 เมตร BTS พญาไท จาก Origin [PREVIEW],13.75947,100.535464,550,,35,
Ideo ท่าพระ Interchange คอนโด High Rise 22 ชั้น ใกล้รถไฟฟ้าสถานี ท่าพระ จาก Ananda [รีวิวฉบับที่ 1006],13.728824,100.475857,844,2.69,22,คาดว่าจะแล้วเสร็จ : มกราคม 2561
Rich Park 2 @เตาปูนอินเตอร์เชนจ์ คอนโด High Rise ใกล้รถไฟฟ้าสายสีม่วง-น้ำเงินโดย ริชี่เพลซ [PREVIEW],13.806375,100.528936,720,1.88,26,
Life ๑ Wireless คอนโด High Rise 43 ชั้น บนถนนวิทยุ จาก AP [รีวิวฉบับย่อที่ 1387],13.747973,100.548928,1,4.9,43,คาดว่าจะแล้วเสร็จ : q3 ปี 2020
พาชมห้องตัวอย่าง KALM Penthouse คอนโด Low Rise ในซอยศูนย์วิจัย 2 ใกล้ รพ.กรุงเทพ เป็นส่วนตัวเพียง 16 ยูนิต จาก  แคสท์ เอสเตท ดีเวลลอปเมนท์,13.75027,100.587356,16,13.7,7,คาดว่าจะแล้วเสร็จ : 3/2562
XT เอกมัย คอนโด High Rise ติดถนนเอกมัย ห่าง BTS เอกมัย 1.5 กม. จาก แสนสิริ [รีวิวฉบับที่ 1635],13.73375,100.587293,537,4.59,38,คาดว่าจะแล้วเสร็จ : ธ.ค. 2020
KEYNE ทองหล่อ คอนโด High Rise ติดสถานีรถไฟฟ้าทองหล่อ by แสนสิริ [รีวิวฉบับที่ 552],13.725013,100.576906,216,,28,
Nimit หลังสวน คอนโด High Rise จาก Pace Development [PREVIEW],13.735129,100.542252,187,,,
Tempo One รามคำแหง – พระรามเก้า คอนโด Low Rise ในซอยรามคำแหง 12 ติดด้านหลัง The Mall ราม2 จาก Built Land [รีวิวฉบับที่ 659],13.749862,100.61233,139,1.6,8,
รีวิวตึกเสร็จ Maestro 07 อนุสาวรีย์ชัยฯ คอนโด Low Rise ติดถนนใหญ่ ใกล้อนุสาวรีย์ชัยฯ จาก Major Development [รีวิวฉบับที่ 1731],13.763901,100.540098,171,3.8,,คาดว่าจะแล้วเสร็จ : ปี2561
FYNN Aree คอนโด Low-rise ในซอยอารีย์ 2 ระยะ 850 เมตรถึง BTS อารีย์ จาก Yellowfynn Development [รีวิวฉบับที่ 992],13.777908,100.540264,79,3.4,8,คาดว่าจะแล้วเสร็จ : กลางปี 2560
The Stage เตาปูน อินเตอร์เชนจ์ คอนโด High Rise จาก Real Asset [PREVIEW],13.805661,100.526171,773,,36,คาดว่าจะแล้วเสร็จ : ธ.ค. 2560
GARDEN อโศก-พระราม 9 คอนโด Low Rise 4 อาคารติด RCA by AQ Estate [รีวิวฉบับที่ 601],13.749843,100.574652,630,1.25,8,
รีวิวตึกเสร็จ The Lofts Asoke คอนโด High Rise บนถนนอโศกมนตรี ห่างจาก MRT เพชรบุรี 200 เมตร จาก Raimon Land [รีวิวฉบับที่ 1824],13.746743,100.562706,7,8.3,,
MIELER สุขุมวิท 40 คอนโด Low Rise ระดับ Luxury ห่าง BTS เอกมัย 700 ม. เป็นส่วนตัวเพียง 24 ยูนิต จาก MJ One [PREVIEW],13.717013,100.580832,24,17.29,7,คาดว่าจะแล้วเสร็จ : มี.ค. 2561
The Niche Mono รัชวิภา คอนโดตึกคู่ 27 ชั้น ใกล้จุดขึ้น-ลงทางด่วน จาก Sena Development [รีวิวฉบับที่ 497],13.830892,100.540084,22,1.95,,
Smart Condo พระราม 2 คอนโด Low Rise 8 อาคาร บนถนนบางขุนเทียน-ชายทะเลใกล้เซ็นทรัลพระราม 2 จาก ปริญสิริ [รีวิวฉบับที่ 504],13.658446,100.428186,2,0.999,8,
พาชมตึกเสร็จ Pi Condo แจ้งวัฒนะ Low Rise 8 ชั้น ใกล้ห้าแยกปากเกร็ด ในซอยแจ้งวัฒนะ-ปากเกร็ด 9/1 จาก ฟอรัส พรอพเพอร์ตี้ [รีวิวฉบับที่ 1150],13.911463,100.502625,77,1.49,8,
Ideo Q สยาม-ราชเทวี คอนโด High Rise ใกล้ BTS ราชเทวี จาก อนันดา [PREVIEW],13.752644,100.534915,550,5.2,36,
"XT พญาไท 1 ใน 3 โครงการใหม่ของซีรีย์ XT ที่มีพื้นที่ส่วนกลางกว่า 4,500 ตร.ม. ใกล้รถไฟฟ้า BTS และ APL สถานีพญาไท จาก SANSIRI [PREVIEW]",13.757575,100.53877,1,,,
ESTA Bliss หมู่ตึก Low Rise 3 อาคาร ใกล้รถไฟฟ้าสายสีชมพู สถานีเศรษฐบุตรบำเพ็ญ จาก 39 Estate [รีวิวฉบับที่ 667],13.812202,100.715125,634,,8,
Polis Condo สุขสวัสดิ์64 คอนโด Low Rise ในซอยสุขสวัสดิ์ 64 จาก ดับบลิวแอนด์ดับบลิว พร็อพเพอร์ตี้ แอนด์ ดีเวลลอปเม้นท์ [PREVIEW],13.64947,100.51383,459,1.19,8,คาดว่าจะแล้วเสร็จ : ปลายปี 2562
SUPREME LEGEND คอนโด low rise 7 ชั้นในซอยอมร ถนนนางลิ้นจี่ จาก สุพรีม ทีม [รีวิวฉบับที่ 1143],13.711236,100.549086,71,14.9,7,คาดว่าจะแล้วเสร็จ : ไตรมาสที่ 1 ปี 2018
Chapter One คอนโดริมเจ้าพระยาติดถนนใหญ่ราษฎร์บูรณะ โดย พฤกษา [รีวิวฉบับที่ 673],13.675327,100.517271,1,1.9,,
Maestro 02 ร่วมฤดี คอนโดหรู 8 ชั้น ย่านเพลินจิต ในซอยร่วมฤดี 2 โดย Major Development [รีวิวฉบับที่ 605],13.735873,100.550704,126,3.7,8,คาดว่าจะแล้วเสร็จ: เม.ย. ปี 2559
LESTO CONDO สุขุมวิท 113 อินเตอร์เชนจ์ สเตชั่น คอนโด Low Rise 8 ชั้นในซอยสุขุมวิท 113 จาก บิลท์ แลนด์ [รีวิวฉบับที่ 1192],13.647143,100.601154,32,,8,คาดว่าจะแล้วเสร็จ : ม.ค. 61
The Excel อุดมสุข คอนโด Low Rise 8 ชั้น ในซอยอุดมสุข 29 จาก All Inspire [รีวิวฉบับที่ 1167],13.679282,100.624328,228,,8,คาดว่าจะแล้วเสร็จ : กันยายน 2560
Than Living พระราม9 – Airport Link คอนโด High Rise บนถนนศรีนครินทร์ ใกล้ Airport Rail Link หัวหมาก จาก กีธา พร็อพเพอร์ตี้ส์ [รีวิวฉบับที่ 810],13.737058,100.641136,530,2.19,32,คาดว่าจะแล้วเสร็จ : มีนาคม 2561
Mazarine รัชโยธิน คอนโด High Rise บนถนนพหลโยธิน ติดรถไฟฟ้าสถานี รัชโยธิน จาก Grand Unity [รีวิวฉบับที่ 1678],13.828898,100.569459,23,4.20,,คาดว่าจะแล้วเสร็จ :  ตุลาคม 2563
Circle Condominium คอนโด High Rise ตึกคู่ริมถนนเพชรบุรี จาก Fragrant [รีวิวฉบับที่ 687],13.749275,100.555941,917,3.49,,
M ทองหล่อ 10 พาชมตึกเสร็จพร้อม Facilities 2 ชั้นบนสุดและวิวจากโครงการ โดย Major Development [รีวิวฉบับที่ 1187],13.730762,100.586767,173,4.29,22,
พาชมทำเลโครงการ The Tree Rio คอนโด High Rise บนนถนนจรัญฯ ติดสถานีบางอ้อ ตรงข้ามโรงพยาบาลยันฮี จาก พฤกษา [PREVIEW],13.799704,100.508578,,,,
พาชมทำเล FYNN Asoke คอนโด Low Rise ในซอยสุขุมวิท 10 จาก FYNN Development [รีวิวฉบับที่ 1710],13.735617,100.556795,,,,
dcondo campus resort บางนา คอนโด 8 ชั้นสร้างเสร็จพร้อมอยู่ จากแสนสิริ [รีวิวฉบับที่ 686],13.603612,100.847018,1,1.39,8,
พาไปชมตึกเสร็จ S9 คอนโด Low Rise ห่างจากรถไฟฟ้าสถานีบางรักใหญ่ 100 ม. จาก สัมมากร [รีวิวฉบับที่ 873],13.8775986,100.44608679999999,655,1.49,8,คาดว่าจะแล้วเสร็จ : 2558
Lumpini Ville พัฒนาการ – ศรีนครินทร์ คอนโด High Rise 32 ชั้น บนถนนพัฒนาการ เน้นการพักผ่อนและการออกกำลังกาย จาก LPN [รีวิวฉบับที่ 1653],13.737223,100.623632,795,1.65,32,คาดว่าจะแล้วเสร็จ : พ.ค. 2563
Bangkok Horizon Lite @ สถานีเพชรเกษม 48 คอนโด Low Rise ในซอยเพชรเกษม 48 ใกล้รถไฟฟ้า MRT 200 เมตร จาก CMC Group [รีวิวฉบับที่ 1602],13.718212,100.44563,741,1.69,8,คาดว่าจะแล้วเสร็จ : ก.ย. 62
Elio Del Ray อาณาจักรคอนโด สไตล์รีสอร์ท ใกล้ BTS อุดมสุข ในซอยสุขุมวิท 66/1 โดย อนันดา [รีิวิวฉบับที่ 425],13.683903,100.604789,1,1.59,8,
DOLCE ลาซาล คอนโด Low Rise ในซอยลาซาล 7 ใกล้ BTS แบริ่ง  จาก สิรยศ [รีวิวฉบับที่ 1698],13.664783,100.606758,178,1.69,8,คาดว่าจะแล้วเสร็จ : q4 2563
พาชมตึกเสร็จ Chateau in Town จรัญสนิทวงศ์ 96/2 คอนโด Low Rise วิวแม่น้ำเจ้าพระยา ใกล้สะพานพระราม 7 และทางด่วนศรีรัชฯ จาก CMC [รีวิวฉบับที่ 1684],13.80766,100.512817,406,1.99,8,
Supalai Park รัชวิภา คอนโดตึกคู่บนถนนรัชดาภิเษกใกล้แยกวงศ์สว่าง จากศุภาลัย [รีวิวฉบับที่ 1125],13.831164,100.534918,1,1.43,30,
Wish Signature Midtown Siam คอนโด High Rise 45 ชั้น ใกล้ BTS ราชเทวี by สยามนุวัตร [รีวิวฉบับที่ 586],13.752026,100.534687,623,3.4,45,คาดว่าจะแล้วเสร็จ : ต.ค. 2560
Tropicana คอนโดตึกคู่แนว ECO Green ใกล้ BTS เอราวัณ by Origin Property [รีวิวฉบับที่ 562],13.629327,100.587091,363,1.28,8,คาดว่าจะแล้วเสร็จ : ไตรมาส 4 ปี 2558
ณ วีรา พหล-อารีย์ คอนโด Low Rise ยูนิตน้อย ในซอยพหลโยธิน 14 จาก ณวรางค์ แอสเซท [รีวิวฉบับที่ 1748],13.786162,100.549096,78,2.49,8,คาดว่าจะแล้วเสร็จ : ไตรมาส 1/2563
Ease พระราม 2 คอนโด Low Rise 8 ชั้น 2 อาคารอยู่ในซอยหลังเซ็น Central พระราม 2 ภายใต้แบรนด์ใหม่จาก LH [รีวิวฉบับที่ 510],13.745565,100.534256,480,1.39,8,
Knightsbridge แบริ่ง คอนโดพร้อมเข้าอยู่ ใกล้ BTS แบริ่ง จาก Origin [รีวิวฉบับที่ 785],13.657582,100.603547,276,2.1,25,
Lumpini Ville พัฒนาการ – ศรีนครินทร์ คอนโด High Rise สูง 32 ชั้น บนถนนพัฒนาการ เน้นการพักผ่อนและการออกกำลังกาย จาก LPN [PREVIEW],13.737223,100.623632,795,1.65,32,คาดว่าจะแล้วเสร็จ : พ.ค. 2563
พาชมทำเล Cooper Siam คอนโด High Rise ตัวใหม่ซอยรองเมือง 5 ใกล้ BTS สนามกีฬาแห่งชาติ จาก Koon Estate [รีวิวฉบับที่ 1508],13.746059,100.522454,,,,
SAVVI อารีย์ 4 คอนโด Low Rise ย่านอารีย์แบบ Private แค่ 39 ยูนิต จาก The Urban Property [PREVIEW],13.785281,100.543451,39,,8,คาดว่าจะแล้วเสร็จ : ไตรมาส 4 ปี 2020
Villa Lasalle คอนโด Low Rise โดย Origin [PREVIEW],13.660244,100.611295,353,1.49,8,คาดว่าจะแล้วเสร็จ : ไตรมาส 1 ปี 2559
พาชมตึกเสร็จ Maestro 02 ร่วมฤดี คอนโด Low Rise ย่านเพลินจิตในซอยร่วมฤดี 2 โดย Major Development  [รีวิวฉบับที่ 1102],13.7358675,100.55061,138,4.5,8,
The Teak พัฒนาการ-ทองหล่อ คอนโด Low Rise หน้าปากซอยพัฒนาการ 10/1 ใกล้แยกคลองตัน จาก LKH Development [รีวิวฉบับที่ 1002],13.739251,100.603287,79,,8,
Noble BE 33 Sukhumvit พาชมทำเลโครงการใหม่จาก Noble Development,13.735357,100.567708,,,,
The Excel รัชดา 18 คอนโด Low Rise 8 ชั้น ในซอย 20 มิถุนา จาก All Inspire [รีวิวฉบับที่ 1625],13.782286,100.582377,270,1.79,8,คาดว่าจะแล้วเสร็จ : ปี 2020
The Zea ศรีราชา คอนโด High Rise 39 ชั้น สูงที่สุดในศรีราชา ติดถนนสุขุมวิท [รีวิวฉบับที่ 741],13.193177,100.935201,585,2.17,39,คาดว่าจะแล้วเสร็จ : พฤศจิกายน 2560
IDEO O2 คอนโด High Rise 3 อาคาร สูง 33-34 ชั้น ใกล้ BTS บางนา จาก อนันดา [รีวิวฉบับที่ 939],13.673218,100.604592,1,2.3,,คาดว่าจะแล้วเสร็จ : ปี 2561
Vio แคราย Condo Low Rise 8 ชั้น ห่างสถานีรถไฟฟ้าศูนย์ราชการนนทบุรี 30 ม. จาก อดามัส  [รีวิวฉบับที่ 1022],13.861154,100.511858,125,2.4,8,
Skyline รัตนาธิเบศร์ คอนโด Hight Rise 38 ชั้น ใกล้สถานีรถไฟฟ้าสายสีม่วง จาก AJ Property [รีวิวฉบับที่ 675],13.867164,100.490778,810,1.86,38,คาดว่าจะแล้วเสร็จ : กันยายน 2560
The Park @ประชาชื่น คอนโด Low Rise ริมคลองประปาตรงข้าม ม.ธุรกิจบัณฑิต จาก PP Land Property [รีวิวฉบับที่ 526],13.865445,100.546789,109,1.89,8,คาดว่าจะแล้วเสร็จ : ปลายปี 2557
Supalai Oriental สุขุมวิท39 คอนโด High Rise 4 อาคาร ในซอยสุขุมวิท39 ใกล้ย่านพร้อมพงษ์ จาก ศุภาลัย [รีวิวฉบับที่ 1374],13.744622,100.573062,1,4.5,,คาดว่าจะแล้วเสร็จ : ปลายปี 2563
[Project Sneak Peek] เผยข้อมูลโครงการ Elio Del Moss คอนโด Low Rise โครงการล่าสุดใกล้ ม.เกษตรฯ ในซอยพหลโยธิน 34 จาก Ananda,13.839381,100.582482,,1.59,8,คาดว่าจะแล้วเสร็จ : q3/2562
Whizdom Connect Sukhumvit คอนโด High Rise จาก Magnolia [Preview],13.685149,100.610558,673,3.08,41,
The Seed Mingle สาทร-สวนพลู คอนโดพร้อมอยู่ ใจกลางเมือง ในซอยสวนพลู 8 โดยพฤกษา [รีวิวฉบับที่ 511],13.719708,100.53915,531,2.2,31,
The Prop Condominium คอนโด Low Rise ตึกคู่ในซอยแจ้งวัฒนะ 12 จาก The Rise Property [รีวิวฉบับที่ 1676],13.896124,100.565756,315,1.2,8,คาดว่าจะแล้วเสร็จ : ตุลาคม 2561
Supalai Veranda รามคำแหง คอนโด High Rise ติด MRT ราชมังคลา ได้วิวสวนสุขภาพและสนามกีฬา จาก ศุภาลัย [รีวิวฉบับที่ 1680],13.760576,100.627993,2,2.07,,คาดว่าจะแล้วเสร็จ : กลางปี 2565
The Excel Hideaway สุขุมวิท 50 คอนโด Low Rise ซอยเริ่มเจริญ ใกล้ทางด่วนและโลตัสอ่อนนุช จาก All Inspire [รีวิวฉบับที่ 1497],13.706371,100.591415,196,1.77,,คาดว่าจะแล้วเสร็จ : q3 2562
Noble RE:D คอนโด 23 ชั้นใกล้สถานีรถไฟฟ้าอารีย์ by Noble – รีวิวตึกเสร็จ [รีวิวฉบับที่ 579],13.780238,100.54375,272,6.1,23,
CONDO U วิภา-ลาดพร้าว คอนโด Low Rise สร้างเสร็จพร้อมอยู่ ซอยวิภาวดี20 ติดการบินไทย จาก Grand U [รีวิวฉบับที่ 731],13.802765,100.56178,362,2.29,8,
Pause สุขุมวิท 103 คอนโด Low Rise 2 อาคารในซอยอุดมสุข 7 ระยะ 800 เมตรถึง BTS อุดมสุข จาก Origin Property [รีวิวฉบับที่ 855],13.681441,100.612562,268,1.69,8,คาดว่าจะแล้วเสร็จ : q2 2560
พาชมตึกเสร็จ Fuse Sense บางแค คอนโด High Rise 24 ชั้น ติดถนนใหญ่ ใกล้แยกเพชรเกษม – พุทธมณฑล สาย2 จาก พฤกษา [รีวิวฉบับที่ 948],13.710659,100.396238,815,1.62,24,
The Tree Elegance ติวานนท์ คอนโด High Rise 42 ชั้น ติดถนนประชาราษฎร์ จาก พฤกษา [รีวิวฉบับที่ 861],13.844424,100.503261,1,1.49,42,คาดว่าจะแล้วเสร็จ : ปลายปี 2561
URBANO ABSOLUTE สาทร-ตากสิน คอนโดมิเนียม 40 ชั้น วิวแม่น้ำเจ้าพระยาส่วนกลางจัดเต็ม by พฤกษา [รีวิวฉบับที่ 457],13.72086,100.506968,593,2.8,40,
The Privacy ประชาอุทิศ-สุขสวัสดิ์ คอนโด Low Rise จากพฤกษา [PREVIEW],13.66161111,100.50276111,,1.6,8,
"Condo U Campus รังสิต – เมืองเอก คอนโด Low-Rise ใกล้มทร.ธัญบุรี, ม.รังสิต และรถไฟฟ้าสายสีแดงสถานี หลักหก โดย แกรนด์ ยู [รีวิวฉบับที่ 485]",13.968283,100.616083,448,1.5,8,
Niche Mono สุขุมวิท-ปู่เจ้า คอนโด High Rise สูง 12 ชั้น ใกล้ BTS ปู่เจ้าเพียง 45 ม. จาก เสนาดีเวลลอปเม้นท์ [รีวิวฉบับที่ 1822],13.63849,100.592316,198,2.59,12,คาดว่าจะแล้วเสร็จ : พ.ย. 2562
HALLMARK จรัญ 13 คอนโด Low Rise ย่านฝั่งธน ใกล้ MRT จรัญฯ 13 จาก ชีวาทัย [PREVIEW],13.740399,100.466798,184,2.19,8,คาดว่าจะแล้วเสร็จ : ธ.ค. 2562
รีวิวตึกเสร็จ Notting Hill สุขุมวิท105 คอนโด Low Rise ในซอยลาซาล ห่างBTSแบริ่ง 500 เมตร จาก Origin [รีวิวฉบับที่ 1799],13.661453,100.606688,1,1.99,8,คาดว่าจะแล้วเสร็จ : เมษายน 2562
พาชมทำเลคอนโด Villa Lasalle คอนโด Low Rise ในซอยลาซาล โดย Origin Property [PREVIEW],13.660429,100.611238,,,,
พาชมตึกเสร็จ Fuse Mobius รามคำแหง-คลองตัน หมู่คอนโด High Rise 3 อาคาร ในซอยรามคำแหง 3/1 ห่างจาก Airport Rail Link รามคำแหง 450 ม. จาก พฤกษา [รีวิวฉบับที่ 1066],13.74559,100.602033,1,,,
พาชมตึกเสร็จ Tempo Quad สะพานใหม่ คอนโด Low Rise บนถนนเทพรักษ์ ใกล้รถไฟฟ้าสถานีสายหยุด 250 ม. จาก Built Land  [รีวิวฉบับที่ 1211],13.890029,100.605958,153,2.6,8,
รีวิวตึกเสร็จ The Tree ลาดพร้าว 15 คอนโด Low Rise ในซอยลาดพร้าว 15 ใกล้ MRT ลาดพร้าว จากพฤกษา [รีวิวฉบับที่ 1789],13.815374,100.572168,214,1.79,8,คาดว่าจะแล้วเสร็จ : พ.ค. 62
A Plus Inspire รัตนาธิเบศร์ 11 คอนโด Low rise ใกล้รถไฟฟ้าสถานีบางกระสอ จาก เอ พลัส เรียลเอสเตท [รีวิวฉบับที่ 1129],13.858963,100.506693,70,,8,คาดว่าจะแล้วเสร็จ : มี.ค. 2561
Altitude Symphony เจริญกรุง – สาทร คอนโด High Rise บนถนนจันทน์จาก Altitude Development [PREVIEW],13.710127,100.514148,99,,22,
พาชมทำเล Na Vara Residence คอนโด Low Riseในถนนหลังสวน จาก Navarang Asset [รีวิวฉบับที่ 1020],13.741968,100.544509,,,,
ศุภาลัย Cute รัชโยธิน – พหลโยธิน 34 หมู่ตึกบุปผา 5 อาคาร จาก ศุภาลัย [รีวิวฉบับที่ 559],13.837587,100.581391,882,1.96,8,คาดว่าจะแล้วเสร็จ : ปลายปี 2559
A PLUS 2 @รัตนาธิเบศร์ คอนโด Low Rise ใกล้สถานีศรีพรสวรรค์ รถไฟฟ้าสายสีม่วง จาก เอ พลัส เรียลเอสเตท [รีวิวฉบับที่ 754],13.859768,100.506862,134,1.335,8,
รีวิวตึกเสร็จ B Loft Lite สุขุมวิท115 (โครงการ B) คอนโด Low Rise ในซอยสุขุมวิท 115 ห่าง BTS ปู่เจ้าสมิงพราย 400 เมตร จาก ORIGIN Property [รีวิวฉบับที่ 1857],13.636051,100.595628,78,1.89,8,คาดว่าจะแล้วเสร็จ : พฤษภาคม 2562
The Niche Pride ทองหล่อ – เพชรบุรี คอนโด High Rise 33 ชั้น ติดถนนเพชรบุรี จาก เสนา  [รีวิวฉบับที่ 902],13.744852,100.58343,667,2.7,33,คาดว่าจะแล้วเสร็จ : ก.ย. 2560
The Address สยาม – ราชเทวี คอนโด High Rise ระดับ LUXURY บนถนนเพชรบุรี ใกล้ BTS ราชเทวี จาก AP [PREVIEW],13.753569,100.530594,880,,50,คาดว่าจะแล้วเสร็จ : 2565
พาชมตึกเสร็จ  Dolce อุดมสุข คอนโด Low Rise 7 ชั้น ฝ้าเพดานสูง 2.85 เมตร ใกล้ BTS อุดมสุข จาก Sirayos Group   [รีวิวฉบับที่ 1199],13.676142,100.612407,79,2.6,7,
Giraffe Duplex Living คอนโด Duplex เพดานสูง 5.8 เมตรทุกยูนิต บนถนนนครอินทร์ จาก เดย์เกน กรุ๊ป [รีวิวฉบับที่ 441],13.823516,100.463641,336,2.49,,
Ashton จุฬา-สีลม คอนโด High Rise 56 ชั้น ใกล้ MRTสามย่าน จาก Ananda Development [รีวิวฉบับที่ 858],13.731102,100.531009,1,4.99,56,
Savvi Phahol 2 คอนโด Low Rise ในซอยพหลโยธิน 2 ใกล้ BTS อารีย์ จาก The Urban Property [รีวิวฉบับที่ 1727],13.777265,100.546653,62,3.8,7,คาดว่าจะแล้วเสร็จ : ปี 2019
The Stage เตาปูน Interchange คอนโด High Rise ใกล้สถานีเชื่อมรถไฟฟ้า 2 สาย by Real Asset [รีวิวฉบับที่ 679],13.805742,100.52619,,1.89,,
Serrano พระราม 2 ซอย 54 คอนโดพร้อม Club House หลังเซ็นทรัล โดย Inspired Estate [รีวิวฉบับที่ 443],13.664843,100.432845,458,1.29,8,
Anil สาทร 12 คอนโด High Rise ติดถนนสาทร ระดับ SUPER LUXURY ตัวแรกจาก Grand Unity [รีวิวฉบับที่ 1870],13.720997,100.525974,222,11,42,คาดว่าจะแล้วเสร็จ : เมษายน 2565
O2 Condo เพลินจิต คอนโดพร้อมอยู่ 7 ชั้น ในซอยนายเลิศ ใกล้ BTS เพลินจิต โดย Ocean Property [รีวิวฉบับที่ 516],13.745091,100.549402,48,13.8,7,
UNIO จรัญฯ 3 คอนโด Low Rise ราคาล้านต้นๆในซอยจรัญสนิทวงศ์ 3 ห่างจาก MRT ท่าพระ 1 กม. จาก Ananda [รีวิวฉบับที่ 1011],13.732525,100.467202,1,,8,
Plum Condo แจ้งวัฒนะ สเตชั่น (เฟส 1) คอนโด Low Rise ในซอยแจ้งวัฒนะ 1 ใกล้รถไฟฟ้า 3 สาย จาก พฤกษา [รีวิวฉบับที่ 1026],13.87937,100.58581,809,1.2,8,คาดว่าจะแล้วเสร็จ : ธันวาคม 2559
Whizdom อโศก-สุขุมวิท คอนโด High Rise ระดับ Ultimate Class ติดถนนรัชดาภิเษก วิวทะเลสาบและสวนเบญจกิตติ จาก MQDC [รีวิวฉบับที่ 1724],13.732042,100.559965,21,8.4,,คาดว่าจะแล้วเสร็จ : q1 2022
Motif Condo วงเวียนใหญ่-ตลาดพลู คอนโด High Rise สไตล์ Greenovative Living ใกล้ BTS วงเวียนใหญ่ จาก สันติโชค [PREVIEW],13.727002,100.487631,387,1.99,23,
Ease พระราม 2 คอนโดใกล้ Central พระราม 2 จาก Land and Houses,13.669465,100.436776,480,1.39,,
Chapter One Midtown ลาดพร้าว 24 คอนโด High Rise 37 ชั้นห่างจาก MRT ลาดพร้าว 130 เมตร [รีวิวฉบับที่ 756],13.806471,100.572747,514,2.4,37,
รีวิวตึกเสร็จ Ashton สีลม คอนโด High Rise ระดับ Ultimate Class บนถนนสีลม จาก อนันดา [รีวิวฉบับที่ 1842],13.726391,100.526828,428,8.0,48,
The Privacy รัชดา-สุทธิสาร คอนโด Low Rise 8 ชั้น 3 อาคาร ภายใต้แนวคิด Urban Living Design จาก Pruksa Real Estate [PREVIEW],13.78904944,100.58921,75,1.79,8,
Life Asoke คอนโด High Rise 35 ชั้น ใกล้กับ MRT เพชรบุรี และ Airport Link มักกะสัน โดย AP  [Preview],13.750716,100.563867,1,,35,
